<?xml version="1.0" encoding="UTF-8"?>
<beans xmlns="http://www.springframework.org/schema/beans"
	xmlns:xsi="http://www.w3.org/2001/XMLSchema-instance"
	xmlns:context="http://www.springframework.org/schema/context"
	xmlns:mvc="http://www.springframework.org/schema/mvc"
	xsi:schemaLocation="http://www.springframework.org/schema/mvc
	http://www.springframework.org/schema/mvc/spring-mvc-3.0.xsd
	http://www.springframework.org/schema/beans 
	http://www.springframework.org/schema/beans/spring-beans-3.0.xsd
	http://www.springframework.org/schema/context 			http://www.springframework.org/schema/context/spring-context-3.0.xsd">
    <bean class="org.springframework.web.servlet.handler.SimpleUrlHandlerMapping">
   		<property name="mappings">
        		<props>
            		<prop key="/user.do">userController</prop>
        		</props>
   		</property>
    </bean>
    <bean id="userController" class="edu.hdu.spring.controller.UserController">
    		<property name="commandClass" value="edu.hdu.spring.controller.User" />
    </bean>
    <bean class="org.springframework.web.servlet.view.InternalResourceViewResolver">
    			<property name="prefix" value="/WEB-INF/jsp/" />
    			<property name="suffix" value=".jsp" />
    </bean>
</beans>
