<?xml version="1.0" encoding="UTF-8"?>
<!DOCTYPE struts PUBLIC
    "-//Apache Software Foundation//DTD Struts Configuration 2.1.7//EN"
    "http://struts.apache.org/dtds/struts-2.1.7.dtd">
<struts>
	<package name="order-default" extends="dang-default" namespace="/order">
		<action name="orderListAction" class="com.tarena.web.action.order.OrderListAction">
			<result name="order_info">
				/WEB-INF/jsp/order/order_info.jsp
			</result>
			<result name="cartListAction" type="redirect">
				/cart/cartListAction
			</result>
		</action>
		<action name="addressFormAction" class="com.tarena.web.action.order.AddressFormAction">
			<result name="address_form">
				/WEB-INF/jsp/order/address_form.jsp
			</result>
		</action>
		<action name="successAction" class="com.tarena.web.action.order.SuccessAction">
			<result name="order_ok">
				/WEB-INF/jsp/order/order_ok.jsp
			</result>
		</action>
	</package> 
</struts>