<?xml version="1.0" encoding="UTF-8" ?>
<!DOCTYPE struts PUBLIC
	"-//Apache Software Foundation//DTD Struts Configuration 2.1//EN"
	"http://struts.apache.org/dtds/struts-2.1.dtd">

<struts>

	<package name="registration" extends="struts-default">

		<action name="u" class="u">

			<result name="success">/registerSuccess.jsp</result>
			<result name="fail">/registerFail.jsp</result>
			<result name="list">/userlist.jsp</result>
			<result name="load">/user.jsp</result>

		</action>
	</package>


</struts>
	
