<?xml version="1.0" encoding="UTF-8" standalone="no"?>
<!DOCTYPE properties SYSTEM "http://java.sun.com/dtd/properties.dtd">
<properties>
<entry key="profiler.settings.instrument.empty.methods">true</entry>
<entry key="ProfilerCPUSettings_profile_runnables">true</entry>
<entry key="ProfilerCPUSettings_filter_type">2</entry>
<entry key="ProfilerMemorySettings_track_every">10</entry>
<entry key="ProfilerMemorySettings_mode">4</entry>
<entry key="ProfilerCPUSettings_root_classes">com.tarena.dao.**
com.tarena.entity.**
com.tarena.util.code.**
com.tarena.util.datasource.**
com.tarena.web.action.**
com.tarena.web.interceptor.**
test.tarena.dao.**
</entry>
<entry key="ProfilerCPUSettings_filter_value">com.tarena.dao.*,&#13;
com.tarena.entity.*,&#13;
com.tarena.util.code.*,&#13;
com.tarena.util.datasource.*,&#13;
com.tarena.web.action.*,&#13;
com.tarena.web.interceptor.*,&#13;
test.tarena.dao.*</entry>
<entry key="profiler.settings.istrument.getter.setter.methods">true</entry>
<entry key="ProfilerMemorySettings_stacktraces">-1</entry>
<entry key="myeclipse.profiling.mode">0</entry>
</properties>
